"patient","Kynurenine","Glycolysis","Glutamine","Adenosine","Tryptophan_metabolism","Hypoxia","EMT","Stemness","T_cell","NK_cell","Treg","Macrophage","Cytotoxicity","Exhaustion","Checkpoint","IFNG_response","IDO1","TDO2","Down_score","cluster","CD8frac","LymphFrac","resid_kyn_cd8","resid_kyn_lym"
"TCGA-A7-A0CE",1.1394564668063,0.110629336177367,-0.380686912966301,0.831039780099284,0.0996364437217063,0.870174791157313,-0.924640681461343,1.30915693364962,-1.07419334301578,-0.12547983946031,-0.542406375613783,-0.820301494120683,-0.504925235843246,-0.579184067337707,-0.678001689154725,-0.480288667433584,6.07799633839485,4.88603257392598,-1.38566274785509,"C2",0.0887044596753159,0.582517490648036,1.21876690911371,1.12487011052335
"TCGA-AR-A0U1",-0.524910423080194,0.226028343046005,-1.06526930207189,-0.458831334505598,-0.104935572396645,-0.766530232505732,-0.933649984920883,1.24382467972084,0.16607462909749,-0.68457920158021,-0.246012035460978,-0.407305081886142,0.330625387990136,-0.348903291095104,-0.396769088542228,-0.289282797283116,6.28088800744898,5.22171798439724,0.129681585627281,"C2",0.128247082500987,0.611029163343763,-0.261837944467885,-0.587569590726805
"TCGA-BH-A0B9",-0.558312036510995,-0.533533619231602,-0.148594540877233,1.57788907696123,0.345641729589908,0.184127951138212,-1.76441057678512,0.866049736262267,0.951102837466724,0.847650697058076,0.723539574412923,0.0233264876119324,0.847057808500066,0.797541533252472,0.634108395243419,0.593726769505442,6.20797928027211,5.43322719744679,-0.893768955987502,"C3",0.165490342374109,0.656159555938961,-0.122163095492805,-0.697064419492618
"TCGA-AR-A1AQ",-0.940426002853577,-0.647416239642868,-0.732790328492981,0.192305676536073,1.12217738946119,0.352519796927541,0.586902731067883,1.53232952643668,0.952613304333975,1.11101160017389,0.978112885072588,1.07612128605251,0.979143324003798,1.08254924987532,1.10500065970123,0.896942298141991,6.25136412510288,6.08201960930449,1.03547277014059,"C3",0.0803884769254185,0.627687122145943,-0.899761502944436,-1.03117173419454
"TCGA-BH-A18T",-0.110612711018179,-0.239528419229555,-0.108361518751596,2.02505223494451,-0.526060114428136,0.674829134609422,-0.601211706735554,0.1872191486526,-0.240325310712755,-0.0878100416180247,-0.0880081169434213,0.320319940773916,-0.0759963595534535,-0.525636885640626,-0.210306342747322,-0.598145869759785,5.39668449708012,5.32441175303236,-0.305193474709175,"C2",0.184977029666836,0.587563685091422,0.4160945461121,-0.133707328327055
"TCGA-A2-A04U",1.35824838813587,1.08803609151342,-0.555777357400105,0.864175666497844,-1.62597754735432,0.463395166807125,0.197354504931834,-0.485983364680991,-1.48980501049289,-1.4346238121737,-0.960633606908647,-1.05431648622705,-2.1019880736829,-1.9987590184494,-1.55734580290626,-1.75521288590166,4.84876456762074,4.27916842146274,-2.20262880821939,"C1",0.0819347310892771,0.63025027516134,1.40609862317058,1.26318098921966
"TCGA-A2-A04P",-1.0989769168565,0.78855068457148,0.568560733824777,0.368976899121098,0.747862157963204,-0.0789479861632818,0.196506095188455,0.267585705215755,0.362242260985159,-0.759265210117672,0.518554825219743,-0.589386145165033,0.145002796774555,0.544872388762994,0.360065215342079,0.104378655464705,6.27870954942426,5.21256898404507,1.05822665784576,"C2",0.0655490209527901,0.613517417429918,-1.12727417143717,-1.1658314668851
"TCGA-E2-A14R",-0.869607295001924,-0.9596028159431,-0.733207670293496,0.458288567409872,0.106410678198245,0.556545016677394,-0.21093842936512,-0.735642465276989,0.388834250072275,0.603983206896709,0.82967564342979,0.143888783911713,0.781178943001534,0.476816486987502,0.738749679383885,1.22067155062184,6.56035172697921,5.40306814330458,-0.114839618972199,"C3",0.100696277329092,0.627772154067324,-0.734568611278408,-0.960496396518324
"TCGA-E2-A1L7",0.860331559967625,0.0138198385887737,1.08589993165578,-0.320801926729939,0.639848662584127,-0.188921948633105,-0.0157053364656414,1.19263794145495,0.749846014146727,0.776532727169764,0.738921426001062,0.403742663457941,0.701588030090787,0.762304422086504,0.655823085897481,0.606980468831485,6.05967598537138,5.38936698516948,-0.461044658690267,"C3",0.167890922983739,0.521551572194339,1.30763645245329,0.948538299295546
"TCGA-AO-A12F",1.34293358658372,0.541438863424985,0.387195304585305,0.0294691454670833,-2.41604713612417,0.33116955306787,0.484981990643105,-0.0426021522395522,-2.00799512250578,-1.0705137728535,-2.5386759784891,-0.382382894829962,-1.76269695201459,-2.61413186356479,-1.81199913535973,-3.17350903376816,4.95293421610089,4.81797872980915,-0.788977348308756,"C1",0,0.594426127656056,1.01001765202371,1.30826837815505
"TCGA-BH-A0BW",-1.20646558666283,1.33187441217033,1.82831077069204,-0.267264260688651,0.973586696274271,-1.65636323556043,-0.00604258098813878,-1.85374688145651,0.591285872915759,1.19748568458231,1.19311067377466,0.905504074261126,0.904718129267314,0.988734951657743,1.12518437540567,1.21682069480275,6.40635335605525,5.4934569773567,0.905057847575217,"C3",0.0326637356658598,0.486316524910644,-1.3875869726987,-1.0588499238552
"TCGA-BH-A18G",-0.172089605183616,-0.174398116583105,0.245600416696705,-0.681104493412727,-1.52620113655039,1.08817562005658,0.777729722564351,-1.1861365420929,-0.681488341799929,0.565162392720819,-0.226790191338828,-0.383763756741643,0.0491066228883637,-0.83318104287496,-0.788079837732607,-0.451517989203106,6.06300979593432,6.29339350124545,1.00274444151366,"C2",0.1156958771137,0.588848659687791,0.0326550515687952,-0.19735078571162
"TCGA-BH-A1FC",-0.328739136637186,-0.06268646776524,-0.754972992537587,0.290205318278366,0.357908574007382,-0.11285876179793,0.0609029617066083,0.715145386688477,0.926703280664709,1.08735919690426,1.1357307888578,0.526143283336702,1.00077092215162,1.40768625191955,1.07897802425576,0.981825480218826,6.2335179009423,6.13621363898278,0.0426891971351358,"C3",0.102090495865707,0.737032693678704,-0.187221256061405,-0.603849674976473
"TCGA-AO-A124",0.265080565315025,0.802586697281015,0.201502828728033,-0.42656038778758,-1.00087820149005,1.01952659043353,-1.36645418667036,-0.840762420102808,-0.472079666522356,-0.323305779219375,-0.26716461102613,-1.22850385973818,-0.512901640353278,-0.533972447113882,-0.248872041560177,-0.716248065844356,5.73051498749305,5.74886083127364,-0.799024876545301,"C2",0.0488409058615591,0.566386306365268,0.159137544404769,0.277692591511212
"TCGA-A8-A07C",0.726948093155738,1.6327813750782,-0.0787801746997185,0.280593868240264,0.319538996369492,-0.775023696055467,0.398308716260927,-0.3226896177513,0.409681496751218,0.967151197119673,0.167193589386887,0.723295353567168,0.581985543621191,0.433809332281871,0.577846815367481,-0.0197254160227805,6.01314816973414,5.51171447272392,-0.0977280126401494,"C3",0.0504216337173874,0.572457681128907,0.628351013128349,0.72932332767557
"TCGA-BH-A0WA",0.390740934205707,-0.834826741724638,-0.883580468285796,0.449182150439951,-0.919336428789978,1.15376406111893,0.887579270814828,0.00648452629127626,-0.314326028682113,0.0861239089251199,-0.346502769443683,-0.647034373296427,0.0365891462164326,0.115015550284721,-0.170442355399893,0.339654237263247,6.16884043390447,5.45483339159175,-0.991917350959591,"C2",0.0812722610705348,0.568042360449201,0.435512545948996,0.400560729429178
"TCGA-AO-A0J2",-2.22538807010231,-1.08126004998635,0.946836315956451,-1.1231172481919,1.4619804348344,0.617766871123143,-0.296780533724714,-1.98812316071641,0.391566373494961,1.05466781389723,0.236046644463,-0.303232267097901,0.845684920194202,0.40942901916466,0.580695338328607,0.851549451567927,6.24539966828661,5.61355973319619,3.16658112458901,"C3",0.11948780010567,0.60365302544734,-2.00302163106227,-2.27561051790188
"TCGA-A2-A0T2",0.661972521125293,-0.564194236194232,1.33670966779634,1.49965667524571,-0.902392442027359,1.13641716226882,-0.063012328720125,-0.13779941726166,-0.323083615939531,-0.145099317616692,0.112485581767509,-0.164262293785895,0.173559441995764,0.0430869275985624,-0.368324580757695,-0.56253839794563,5.68792713439987,5.75932997196811,-0.65143344924779,"C2",0.113979224731138,0.609681757182581,0.858739570048351,0.601585180982736
"TCGA-A1-A0SO",0.867045948845961,1.11249703347978,-0.308310908586144,0.458963866770161,-1.78913942897073,-0.511009291373574,-1.58663686713829,-1.32615340895834,-1.1083588083205,-0.796432374274749,-1.3077877463922,-1.3253243412157,-0.97729504225456,-1.21341342808184,-1.37741866177173,-0.520919505895259,5.41735066881987,5.1926784278922,-0.307428206574193,"C1",0.0881160379498084,0.656578519923962,0.943621884265403,0.727587161268786
"TCGA-B6-A0RU",1.57517475897941,0.321375974851285,-0.455124169573806,-0.0732434019313118,0.0511005520155064,0.661236483197546,0.924700657991284,0.789544695730462,-0.766535706487399,-0.784129035481227,-1.17918666766692,-1.25271882733567,-0.916027036840727,-0.645317075120128,-1.31821909303017,-0.975276970638794,5.43600832091323,5.54166782929452,-1.62949224143132,"C1",0.0326881028302282,0.557465817573534,1.39416661175835,1.60282739606971
"TCGA-EW-A1P7",0.217322991200937,0.48237770961801,1.01234488437298,-2.11849973483965,0.669965539712505,-1.29894026631353,0.980553726608644,0.0514176419683657,1.25899265042535,0.656116501593665,0.673195570400424,0.211028316196388,0.745865720082414,0.999677408157031,0.69261213881661,0.575255508029159,6.11721474375922,5.85620771860608,0.257282649053174,"C3",0.134035994909765,0.648348329162139,0.507297639072921,0.0917409204408519
"TCGA-E2-A1LS",1.96066685993514,2.88259827851169,0.0382359054317379,0.804959866068844,-2.27743528402436,-1.12253796028206,-1.98599199350207,-0.202186344404947,-1.30449643785151,-2.17346213552918,-3.17471325181265,-2.56972694730408,-1.99845382259196,-1.80022946346522,-1.99824206756673,-0.757146430534104,5.7907969358198,5.34948396971583,-0.979521686943309,"C1",0.0887522154226642,0.578051342690949,2.04019923221965,1.95361076294475
"TCGA-AR-A0TS",0.58039695746115,1.44068018247979,1.27832520705493,-0.230062840596034,0.462073793723936,-1.99066386555742,-0.123439395146622,-0.100893595515544,1.19215032657554,0.739005775461886,0.44514862310467,0.415481054405595,0.405898398853629,0.60248591657412,0.426820206087423,0.00679243693519472,6.00255927270313,5.74020613128225,-0.443668656426923,"C3",0.067712240539532,0.607637005166385,0.562152592846504,0.52345722205961
"TCGA-C8-A1HJ",-0.0394426511363348,1.07438493722953,-1.56164245592481,-0.867178303819598,0.429515470421154,0.0985553086591202,0.239981675212422,0.035769644664585,-0.553991664619181,-0.0792488205974864,0.092040367841324,-1.97362346754351,0.233329062742003,-0.633377919800462,-0.535431761091868,-0.00720403176690039,6.06278798300904,5.75448253020116,-0.374684471136727,"C2",0.0417033603612297,0.614838457328558,-0.178555193986038,-0.108524573179508
"TCGA-A2-A0CM",-0.277635017121693,-0.0349069001565847,-1.09257885092493,0.249676715017782,0.386544922339977,-0.298663930284235,0.679947056939737,0.737795262603607,0.915179933904676,0.820301026232227,0.985582530329349,0.82789882206151,1.02252123386259,0.843154635593247,1.15198016728659,1.38980756051062,6.48378413729061,5.64134597689295,-0.0536311047435303,"C3",0.0829063013896446,0.577055465167669,-0.225269711410058,-0.28301199016769
"TCGA-D8-A1JG",-2.81324032118532,-0.839805701781198,1.59230261945185,-0.7053199139572,1.87747029007579,0.497714084570198,0.434342330366419,-1.95846576985163,0.483322380221556,0.577287423445875,0.713817322777126,0.965477880933553,0.528617642536143,0.6536037645273,0.789290465256157,0.650442301870957,6.14286639284514,6.08309438186367,2.41794276657019,"C3",0.014420950202835,0.666453945766001,-3.0791393766069,-2.96934981490333
"TCGA-AR-A1AY",1.10551694160291,-0.633813147265304,0.235093498934428,-0.267225170335044,0.0156818588359543,1.02628223124145,1.52311338211984,0.48239038943629,-1.79665880545144,-0.697658516357977,-2.02653525261036,-0.392290521457473,-0.920097325294706,-1.79018330676156,-1.6282589013457,-0.927692449436485,5.35753898754628,5.40798583448748,-0.523128375679011,"C1",0.0302918780073576,0.44928874339863,0.913373085078092,1.31556421180301
"TCGA-AR-A0U0",-0.933810027680071,0.0332694613406582,-1.78271091317903,-0.341678457538202,0.518915908092899,0.768533081752623,-0.540203992144504,-1.48340034023973,0.858622573803186,1.28199513210183,0.746195648286498,0.913230074561332,1.15168835261491,1.00974494504879,1.33616217633799,1.43110525589147,6.57872508228832,6.23412641677159,0.92714787546623,"C3",0.0438733078352766,0.535652740744781,-1.06283841480082,-0.869378912566379
"TCGA-BH-A1EW",0.849553390992427,-0.47744166180408,0.300013710995325,-0.907397128008252,0.0300369266260495,-0.815508168676829,-0.371842056380368,0.677831969477381,0.268290803553514,0.244717968972924,0.316691079993889,0.153123299448402,-0.341896026601232,-0.204076259070461,0.209626832943253,-0.227083676345747,5.86289187688617,5.5373798354781,-0.199931989807768,"C2",0.0328226824810223,0.467252631536687,0.669170660825375,1.02931220302191
"TCGA-AN-A0FX",1.73642015864919,1.03584751335728,0.649878146299815,-0.275325202766412,-0.403486414533453,0.365681171324227,0.905161420306072,1.05781296068946,-0.71097431441676,-0.619174692602131,-1.38167891551218,-1.0387867639092,-0.776747311096023,-0.695613694947418,-1.12971303238602,-0.972801225918527,5.52180148228344,5.56181210233691,-1.79330858681701,"C1",0.0612000181202844,0.597485517059982,1.68791226655162,1.69659659100138
"TCGA-E2-A1LI",-0.0105068627726789,1.40807302826414,0.0164175769895932,0.329360822474732,0.64245000850085,-0.401653307498448,-1.11742868385023,0.331739569733298,0.10465101762474,-0.675223757946598,0.0707118988054436,-0.536598493875593,0.161626486980016,0.0240029535523297,-0.0520563263551265,0.473671820653393,6.04929049135887,5.78819492835168,-0.0751369210828925,"C2",0.0275294013761683,0.533722342873183,-0.215488469924965,0.0571790474464604
"TCGA-B6-A0IE",0.577545987516125,0.400818961660631,0.937496976781468,-1.00823057723515,-1.52796211389209,-1.38360937446749,-2.04363118698563,1.15491328485656,-0.927958370087453,-1.56014715883631,-1.48600350267528,-1.66166626482135,-0.904772256074207,-1.53684614278631,-1.65644676837492,-1.93614228301812,5.05321039112427,5.34164915157799,-0.997063040348935,"C1",0.0811276270366215,0.636991249357426,0.621645457588183,0.471112802229039
"TCGA-A2-A0D2",0.263778708923612,0.543459002412232,-1.50836278842018,-1.23260275653668,0.184400049470864,0.285231299936732,0.34349112028718,-0.412648001198433,0.45517831816366,0.47529952724151,0.432030036628732,0.386122593725736,0.485178486050824,0.569285943095259,0.344306944374991,-0.0854192871728585,5.95546635939439,5.54339176984196,-0.0752141169279476,"C2",0.124753193102222,0.519612896698415,0.510614423642648,0.355254200050333
"TCGA-AO-A0J6",-0.881162916655185,-0.707774790579756,-1.8239872106247,1.38668658781998,-0.18101305452326,0.193874707357647,-1.80781101256971,-0.0797886931133312,0.621771569627129,1.27162243732564,0.610342086153773,0.261257009160718,1.05368840711411,0.676001545030087,0.705706523938351,0.891719058419738,6.65396555263599,5.81235967608145,0.64227389540281,"C3",0.140487849893533,0.598953441349297,-0.561205280173974,-0.923461514379602
"TCGA-BH-A18V",-0.191765935772462,0.142935580271267,-1.57892568333157,-0.690755551053715,0.257476719166743,-0.161089836517796,0.405572645661581,-1.18997972730343,0.123929145241646,0.325287356835923,0.372104674349415,1.03876442164952,0.247486495241691,0.166755549126283,0.500285414171805,0.654801876304554,6.24782480617983,5.68842503406693,-0.743404917022033,"C3",0.0558278375440923,0.473523381388844,-0.26523936559955,-0.0225800767215179
"TCGA-EW-A1OV",-0.088525057747554,-0.381582115175073,2.45796970629385,0.20362763951372,0.253736080724124,-1.16558504118176,0.360248774311411,-0.845576543266664,1.43259347082157,1.04464474794847,1.03401814865835,0.904880463300079,1.18257047858133,1.19843723328874,1.13967249310781,0.623402480886845,6.11856689501982,5.74668488890099,0.169572275952665,"C3",0.0990192459269312,0.596010415079323,0.0387201443253659,-0.125861493194623
"TCGA-A2-A0ST",-1.16632526045949,-0.588118428956893,0.710805196494932,-0.404419524789243,1.51099003397391,-0.270569391248288,-0.113073090471852,0.241531413116081,1.44406931939549,1.34740933244926,1.35712434998694,0.832144136111992,1.28481440566784,1.44858100841201,1.47916057988772,1.23004637234386,6.47472643247017,5.89359778049469,0.616393989981791,"C3",0.13537115562813,0.609736818962238,-0.870145868570328,-1.22680543887832
"TCGA-E2-A159",-0.785218274838967,-0.947537738533945,1.30781085489777,-0.13983926943482,0.583108026032834,0.804591189205579,0.262759972706124,1.27065417209005,0.854242797891771,0.941318274994046,1.21251361344012,1.19891516978902,0.978180087194093,0.981486710256693,1.07685375096053,0.513347771765414,6.29753619676052,5.64807802858506,0.667782437519062,"C3",0.0832044182667714,0.573848502931966,-0.731467563696862,-0.785188069840638
"TCGA-A2-A0D0",-0.197547458884669,-0.0928288861920114,-0.0740385010674739,-0.530423137843938,-0.533532909131615,1.14469062938927,0.388557113606638,0.106980961136394,0.326925154554269,0.733844329366198,0.514079683849166,-0.610337562739633,0.984232126322961,0.390589710365233,0.461091860348175,0.634088218277319,6.06259509615218,5.48195019270916,-0.231011634964409,"C2",0.122374205968954,0.592873919951749,0.0382326533297029,-0.229595529099013
"TCGA-B6-A0RE",-0.191964997761788,-0.433681106669404,-0.318150034221163,0.561765320191704,0.219011094201626,0.199079190432483,0.56264319039017,1.6371578666348,-1.30768827823511,-1.48458399790171,-0.388019886025003,-0.54670634616386,-1.35760555727175,-1.04518892383851,-0.984798104409724,-0.735559161033216,5.75244151572885,5.44543059408884,1.3013083579448,"C2",0.0371677730161644,0.53787213402404,-0.352155271596671,-0.131275945612771
"TCGA-C8-A134",-0.28788981669386,1.48859158018205,-0.503617216769293,0.588186877370988,0.794954322646513,-1.09375663339685,0.0743289616761739,-0.76229261339181,0.265960589134267,0.0424409509219287,0.880578842911402,-0.120016470319966,0.420038844487786,0.227704077518168,0.40221629865833,0.845807187193555,6.24944797207536,5.90845046583004,-0.715886334027308,"C3",0.0896754251495373,0.546863253030571,-0.20406711445085,-0.242360463260593
"TCGA-AN-A0AT",0.486910572881497,-1.11267775889507,-0.865086559407047,0.423372689323015,-0.0342614717412447,0.433698528424283,-0.077158055660647,0.146381635628736,0.318874416707354,-0.118591603278766,-0.0735342586566618,-0.20720990195294,0.283348956132502,0.117403988357543,-0.00657317400212176,-0.514553236192102,5.81466112246278,5.92038120137799,-0.386296803085434,"C2",0.103698273743212,0.583489007530482,0.635900100899553,0.47068616651553
"TCGA-E2-A1LH",-0.59748229027475,0.426697023109258,0.023788775443691,-1.29263440360435,0.372655324109459,-1.00278459061814,0.432989722778496,-2.68186491835164,1.02228541329264,1.18533039880614,0.811475665069655,0.761112595881957,1.18552210409894,1.09549606996163,0.904308953099688,0.893151695054916,6.42971576066852,5.79872571938523,0.207783228982964,"C3",0.149706303567971,0.619335453806528,-0.234684758567942,-0.674146484522562
"TCGA-BH-A0BG",0.310725169174548,1.59108787121824,0.895857627600922,0.0146092886997006,-1.13968194643796,-0.757538867599828,-0.115509531741559,-1.27221630762775,0.779593898232237,0.715858537783431,0.652947044166082,-0.028677896024324,0.820156253141265,0.89867282226774,0.778409103054126,1.28486163026863,6.49728785337633,5.38041781635453,-0.840120954989638,"C3",0.116872499039021,0.596483221833213,0.520937810231167,0.272591546198926
"TCGA-D8-A1JL",-0.300587489603412,-0.317420058104578,-0.435442078012636,-0.832833879693643,0.808567634806761,-0.924477815169414,1.03237514331168,-0.416188908179942,0.773626982069193,0.983629986575509,1.11583536541528,0.952679611265049,0.75539953982733,0.927234588005217,1.10586276696133,0.863592992199883,6.31244271789008,5.86885373295538,0.383962368265782,"C3",0.0647217085681125,0.506077583458901,-0.332729421082191,-0.186290448613402
"TCGA-BH-A0E6",0.348348884264187,0.979976619796687,0.0859338426889977,0.0905033129169258,0.820548117834558,-0.347908691786266,-0.440929514033894,0.806516515015697,-0.0856075378043332,0.271890888405493,0.030755834516066,-0.783249817340946,0.0851332890394315,0.618643243383068,-0.152660643814045,-0.748852996576456,5.7773301282962,5.08532331416107,-0.58839047331382,"C2",0.151554640701224,0.614167932639664,0.71973598770684,0.280397516967061
"TCGA-B6-A0RG",1.51408599604739,-0.508831837341285,1.53784414093254,0.328672127879436,-0.922920416164505,-0.753624624843858,-0.0894735060870127,-0.332625248650552,-2.28845935540309,-2.13443624529849,-2.54485946745657,-1.60722294883445,-2.51321199028334,-2.14450356359789,-2.1071992178112,-0.841699660544739,5.34571311362931,5.52882189422304,0.150190314453814,"C1",0.0281066312433674,0.660385092680701,1.31178688510381,1.36820904226756
"TCGA-B6-A0RS",-1.03389360221211,-1.03935886225524,-0.225351107095634,-0.867816216706258,0.32992679356606,-0.0905723061185977,0.0540914889430417,-1.04793797022126,0.365029640132965,-0.50806245966105,0.35527763942531,0.287594742249707,0.393408593016377,0.28687721824752,0.324675517014251,0.413859396613062,6.06635060780042,5.8173460623573,1.63095177386237,"C3",0.0951675179421537,0.563298054557509,-0.924548107523188,-1.01607455262651
"TCGA-AN-A0XU",0.354081139337065,-0.915553450425095,-1.65737060328712,1.18678097640775,-0.25377345786966,1.06703806811545,-0.6864556342724,-2.05270603219095,0.0681336281902918,0.884131148606801,-0.128124767983569,-0.187566269312368,0.635867895091125,0.22848113760071,0.279548921223575,0.422222728278175,6.18000369651944,4.9671167913464,-0.709820292151193,"C2",0.0268104273173643,0.626649185414288,0.145758323947816,0.265085446909666
"TCGA-D8-A142",1.09914997538136,-0.672137170525382,0.610975589925789,-0.910691579946103,-1.18011727113082,-0.176864020661115,1.16767596850471,1.92130760801632,-0.0201978424321473,-0.886546376402537,-0.290732628163907,0.424226374378596,-0.429889843414928,0.175768846311428,-0.265209428691221,-0.652778026162926,5.64463647793555,5.29654833489085,-0.681972559218481,"C2",0.0847799722330828,0.64355280874566,1.16022258336461,0.981653510500396
"TCGA-C8-A131",-1.41832475391029,-2.01406142925939,0.0928589508892389,-0.310367350530225,0.828235054684499,0.86825540802416,1.34525594657879,0.457510882594127,-0.244941788518457,0.245847508897407,-0.158950909615955,-0.00627099558375401,0.109029568764419,-0.980617019113229,-0.683978023074242,-0.86403166297124,5.47805239871512,6.17845979175069,1.44546198177992,"C2",0.0987287533781272,0.492802162030419,-1.29242952557419,-1.28164436007685
"TCGA-E2-A1AZ",0.284283533812213,0.879686408145971,0.214845323575023,-0.292122774219182,0.386943369131073,0.266709411757708,0.915183105326288,1.13292474917167,0.712676069977916,0.476813002015194,0.74863673031315,0.273657894943993,0.468117032064096,0.974792141165338,0.839557997624013,0.481116998554441,5.98520627312626,5.79558574961454,-0.728427273508746,"C3",0.0409819803954731,0.566502639489417,0.141818602021558,0.296699413665383
"TCGA-A2-A0SX",0.492232404567603,-0.0939403925663193,-0.0320876641199999,-0.237757646250266,0.262177097377935,-0.186218482685549,0.671997255117407,0.836712902034797,0.935311118469284,0.516559598817701,0.926059200518272,0.45926680609149,0.649891951509498,0.807252866102262,0.816147736656068,0.585930571890991,6.17872519770252,5.42452485934083,-0.669714965092469,"C3",0.0884439100837873,0.584105111923645,0.570332023715694,0.474969200142016
"TCGA-E9-A1ND",-1.68747719939578,-1.13998373579209,0.651310688007731,0.359710895535361,0.0667575909131376,0.982056930483404,0.391562865368574,-0.13918268036002,0.952289547766344,1.19594916559355,1.37270818340955,1.72095712981629,1.13027665939914,1.15978822489159,1.37154908468051,1.32387285649963,6.51013026861971,6.31676625618036,0.90636122728778,"C3",0.0499794971760602,0.580598390647883,-1.78812897143278,-1.69882780962903
"TCGA-AO-A0J4",0.340039184873142,-0.231468817696918,-0.792655043307524,-0.973551393939731,0.0365377430058478,-0.146281999844208,0.328206559201254,-0.0979516649468093,0.851681632546309,0.574746293353886,0.746983192472834,-0.21822396836546,0.435968076481506,0.650417694010629,0.455206994021125,0.718523776445357,6.16332508048096,5.35784316839656,-0.858956240149078,"C3",0.0941257212117397,0.613187001290088,0.444543253401725,0.273741741154338
"TCGA-D8-A27H",1.92678140049577,1.1134045138611,2.06087175444775,-1.02184711126112,-1.52087252230507,-0.220568966670989,1.21274124206625,-0.72173010475536,-1.35994501785215,-1.19514658108772,-1.20473004353278,-0.354455210970423,-1.41696341999948,-1.04395930553444,-1.54955481938091,-1.11400362432311,5.16591371108113,5.49238551346189,-2.05890200731028,"C1",0.0296066732772068,0.643962093768482,1.73145326818193,1.80859485047297
"TCGA-AN-A0AR",1.21174347286934,1.1508075356545,-0.231320785928492,2.02317103734947,-1.62260677014873,-1.30367621770364,-2.62002278613557,-1.57393333230177,-1.22043923466994,-1.51846738347739,-1.25639320072465,-1.47963116853905,-1.4686987332051,-1.7597906320579,-1.63145254364088,-2.82621975734119,4.58137064981304,5.12151430840171,-1.5892566169234,"C1",0,0.530493267847782,0.878827538309327,1.28487384494913
"TCGA-E9-A22G",-0.365988379424488,0.958322234495461,-0.173237864394214,0.273845963457489,0.438275881410657,0.567636949535192,-0.410674355529853,0.65556065821551,-0.286916524136287,-0.377035316043898,0.0307892709656414,-1.56290764195307,-0.387872909514116,-0.795672593212959,-0.228230724258328,0.00407556668012117,6.20870785091869,5.97313924171875,0.0435662210658878,"C2",0.0146037975117211,0.498843420295991,-0.631037708869065,-0.239493998600511
"TCGA-EW-A1P4",-0.383869760845577,-1.63515829838238,-1.0824123956151,0.395884351145237,-0.708204313579673,0.982554123215765,0.365490543376208,-0.871270092169725,0.721806574202647,1.42021965903351,0.662768016658331,0.489055887799311,1.06511759982094,0.854367336536058,0.851191079274825,0.99538611987019,6.48082923798974,5.85735994123023,0.187764674223341,"C3",0.112622957917487,0.557611831032215,-0.193405539950594,-0.356463313360867
"TCGA-AO-A128",-1.01711410828568,-0.127886737782688,0.659246448848703,-0.693570954093052,1.66310073958558,-0.330621726991014,-0.364652128546445,-0.709789128176473,1.59794504246306,1.81940598853039,1.69104204184817,2.12627828088536,1.60365188105489,1.7312541577675,2.01673635224211,1.78133753148181,6.79413885098012,5.65600931635085,1.84202117588799,"C3",0.129011428653823,0.564096655514569,-0.750489568746455,-1.00064155960774
"TCGA-B6-A0RN",1.95548783347987,0.562989978987288,2.59762312057892,-0.212661776153485,-2.45565769672226,-1.78630551692148,0.120390476169829,1.13571325670912,-1.30135481069086,-2.12081411028521,-1.77356394103996,-1.57287743230896,-1.81661967201012,-1.1999675943646,-1.57367255220734,-2.10293895026375,4.66316615609602,4.96673095101487,-0.900216113886938,"C1",0.0916407630820773,0.626089694837952,2.04844383226983,1.86743548398514
"TCGA-E2-A1LL",0.929108323000521,-1.04683958105325,-0.743359618465261,2.04882141388666,-2.60254521032563,1.90002856063586,0.872333042803828,1.6072367154861,-1.61085573324909,-1.49071864588347,-0.749871662241571,-1.20140883210602,-1.33732874446982,-1.21569752716749,-0.847796030717698,-1.09823380239021,5.47452979575469,5.56539735140978,0.161439462526411,"C1",0,0.590911708422439,0.596192388440513,0.900368688096544
"TCGA-D8-A13Z",-0.179734849879828,-1.756281680784,1.43635928404892,0.166394629182044,0.504073732343186,1.19409309179996,0.599486005989771,1.8714753230576,0.125480073514527,0.0170513295843616,0.224194119562513,0.805040670556101,-0.0459962880362651,0.0918302677160102,0.241054682976226,0.0752138158995891,5.91780617237973,5.85219758633399,-0.657300094651221,"C2",0.00158253317221193,0.499460272806648,-0.505296453910782,-0.0542805284974871
"TCGA-BH-A0E0",0.435619762868009,0.45227110443125,0.0297713438545856,3.42917619997407,-0.0880122959030364,0.951365202793885,-2.36739480597803,-1.56274658938618,-0.0223395526566885,-1.61118157144728,-0.42074313711811,-0.781602333526312,-1.92765258229332,-1.20128898301356,-1.0980463184342,-1.92984996235111,4.94755132485918,5.52806993684758,-1.37204197411436,"C1",0.00842252904781322,0.545529974837202,0.141844911475062,0.483397122995557
"TCGA-A7-A26G",0.307100888821795,1.40859056054362,0.170739721331633,-1.67312012083016,0.643875926051207,-2.16820239464535,1.64540806835083,0.0994738072715061,0.490436675200437,-0.399913940210711,0.0715264425576397,0.529276063923326,-0.038183358116782,0.223135890857032,0.249451427409842,-0.0359866871050686,5.88686190846933,5.71383907218519,0.901225404738353,"C2",0.0386598537143139,0.592718971808579,0.153844595786112,0.275314072758944
"TCGA-EW-A1OW",0.836850435891929,0.0689173600326753,-0.146119419513221,-1.46306845943006,-0.239075375283685,0.877278800658189,1.3212865191359,-0.0608593947825656,-0.494584554675241,0.14763019066364,-0.557350412752072,-0.324790796831794,-0.0641851811471167,0.200129420551858,0.0637715318069468,-0.00866915268581022,5.81378717475648,5.66934402062368,-1.58604794527364,"C2",0.0238278160320652,0.539702419500974,0.614666862562854,0.894453489916132
"TCGA-AR-A0U4",-1.09978680027593,-2.23892551284912,0.480298921200974,-0.162984098070669,0.507834515353624,-1.06038346174268,1.0480576816869,0.719043434696478,0.161976744510685,0.374091335067818,0.395932939017496,1.47096603674452,0.390735685146399,0.382998093198636,0.624761057786524,0.868509432241035,6.40588583682705,5.66792013289382,1.03387856216257,"C3",0.0244714310989404,0.443925155370249,-1.31897937283587,-0.880696119740965
"TCGA-D8-A1XK",-0.288797258877666,-1.70730315983343,-1.84885715090903,-0.127648867737391,0.205017132913685,0.910197872022667,-0.0122836213932599,-0.10339671988024,0.099719837172975,0.585896450004034,0.250068639791208,0.964816611546258,0.740870065490909,0.101781571397554,0.549727317436392,0.26879719615153,5.96988097406062,5.43341914695231,1.38698831140937,"C3",0.0843882071368611,0.507157569847633,-0.229545257285462,-0.17632115566619
"TCGA-B6-A0IQ",0.0688012596596905,-0.19558955037262,0.271412037088131,1.74090848607681,0.560325774466542,0.291607612662776,-0.294813032483935,0.725824591011582,0.211135224030866,-0.0490995946896156,-0.0319361232092801,-1.29494839932279,0.156558009423293,0.203002997998506,-0.18952071099194,-0.214554678730155,5.7530465983,5.48900017588913,-0.67572842322678,"C2",0.0832720742136085,0.604351403809925,0.122866380764274,0.0174012937382112
"TCGA-AO-A129",-0.50567289487226,-0.413405302491204,0.14296789531278,-0.194098985043299,0.614624286361258,0.406873622611155,0.0799213170871387,-0.242844564559409,0.72152668796761,0.750652685060113,0.530668349541249,-0.106839320446634,0.783577754276719,0.698980372114265,0.512797188384616,0.482077685504823,6.22428430682979,5.77325807908621,-0.54468688753068,"C3",0.0811518337864172,0.605134101983622,-0.461460931462206,-0.55839254841994
"TCGA-D8-A27M",0.436163327305739,-0.460175013711521,-1.01075392050536,-1.44153566099234,0.666443992193242,0.0699605061523832,0.583486293916923,-0.349449814514281,0.736192963329029,0.761952456465419,0.87081525616739,1.07006719801104,0.613379331902016,0.788360507192944,0.902433272152226,1.29099032377998,6.58371302406763,5.57818911674313,-0.337335061950655,"C3",0.0488157538740782,0.622983485634476,0.330103420359446,0.35334827871188
"TCGA-B6-A0RT",-0.328438630095289,0.881786709533215,0.060315713019044,-0.0830506916744091,0.873486798094438,-0.756257800203548,-0.0534174969234669,-0.0482830289856465,1.67023215060359,1.51183483894794,1.59799093707806,0.649660709766008,1.39687588017824,1.55922576233289,1.45357311743722,0.976925926247636,6.31735454089277,5.27712531942286,-0.270266500615766,"C3",0.190265350804885,0.659892991952053,0.22284445411774,-0.47348586526293
"TCGA-A7-A26F",-1.38203702745258,-0.830578589146768,-0.441966874039159,-0.200979556659555,1.23233782372816,1.12429218358118,1.36281294355039,1.6430738666444,0.175193519216083,0.233874432548144,0.244064803318338,0.851891699502954,-0.166752138582891,-0.0487396866338365,0.388338939548633,0.211472520270682,6.25785731854915,6.40815645036407,1.08547274509326,"C2",0,0.518396200888586,-1.71495296201258,-1.28851009624456
"TCGA-E2-A1LK",-0.394733566356643,0.177205595449881,-0.669259080167741,0.538946312962044,0.300918149305826,0.460971020060424,-0.663000632703409,-1.81915611588618,-3.81905686403472,-2.27860838861567,-0.587716664717022,-1.35135444381675,-2.15149020617123,-2.42905691461433,-1.86035792188303,-1.04390540675622,5.74877624458837,5.70829893256918,0.238894164980625,"C1",0.0857581287454063,0.513154272109262,-0.32911528032564,-0.29236835140149
"TCGA-C8-A12V",-1.10302496772529,0.593128870174399,0.598488054738304,-1.03557080716715,1.10068503598433,-2.04374750441055,-0.227690058706554,0.817730715283639,1.45043013152329,1.53550085967291,1.53490103438894,1.41612511974184,1.43900093833191,1.54787242827111,1.70523538738705,1.20598039827375,6.54763241421225,5.63734179166498,0.484932772564553,"C3",0.0799995673620677,0.566617886306616,-1.06416780400664,-1.09080340262042
"TCGA-D8-A1XQ",-0.837531625490849,-1.2101222641332,0.152400860672416,-0.304396110753229,-0.143809576129463,0.442521482598058,0.800967809345611,0.427175853829913,0.46342837210162,0.140961130106344,0.603064136287716,1.40949678338901,0.532959484493695,0.54082210446862,0.843603650636601,0.925785003272962,6.31498448214449,5.94649193223963,0.292064188563473,"C3",0.0308862920174846,0.571209246961042,-1.02691312784936,-0.833051437645682
"TCGA-A2-A0YE",1.09940061542561,0.455861178599439,1.99908298025117,1.34418686165586,-1.71153975963398,-0.107402513002592,-0.147879898738257,0.365713898719585,-1.397394431343,-0.379436861896632,-0.703052304099599,-0.889160455564713,-0.826409303212812,-0.429356476481345,-0.825413204170119,-0.625226952298689,5.58748150390737,5.1332137291564,-1.85351100233545,"C1",0.0112893533158298,0.631483137094857,0.818948437835602,1.00225451913517
"TCGA-C8-A27B",-1.55074270964138,-0.37164293646201,-0.744881866885441,-0.449617055847771,1.28428749849662,-0.0199390621847793,0.0654591595191538,1.12370354112831,0.636235878624656,0.262807473133388,0.0419299638618896,0.944897062014529,0.866610395997374,0.546828187018664,0.948017522082689,1.44872887400309,6.79065244709802,5.93469839559615,1.91913643422375,"C3",0.12660682011851,0.514694418807301,-1.29529284010099,-1.45097429714245
"TCGA-D8-A143",0.0482263598279096,-1.82482818036004,0.82941087436437,-0.552376825062705,-0.0377955921665699,1.595428340892,-0.64155751516666,1.74762445028356,0.0821617385759179,0.0708210063972214,-0.233563269357878,-0.0848067903313144,0.223446067472206,-0.113460382424861,-0.0877004007717567,-0.0459077108247277,5.88963107910776,5.75334811553092,-0.553613443473572,"C2",0.0745894054016089,0.637569334893179,0.0619414791511692,-0.0591815208833592
"TCGA-A8-A07O",-0.513338901210769,-0.435479149745521,-1.23316423995688,0.694664421419071,0.174884607263566,0.447804348727049,0.682300162060274,-0.542408767179274,-0.243056018567525,-0.247137352924236,0.142620657071356,0.0930648419513524,-0.308246318504411,-0.409645761017506,-0.545867080905735,-0.0516961656423082,5.83693167901955,6.23283639960943,0.83364902721754,"C2",0.10893817459385,0.525271229123445,-0.339998564330234,-0.431403781503301
"TCGA-E2-A14X",0.700872427629069,1.55824047801577,-0.0558137688835603,0.0614219838784572,0.500486603311043,-0.286846019245535,-0.520178264693169,1.05381720059088,0.710670263412129,0.388384325235021,0.107230560149158,-0.652518292140777,0.293089541111898,0.449377557575388,0.29165035459605,0.0238962510315417,6.105516392088,5.26227510644181,-0.938548036930322,"C2",0.0890966207044859,0.735291009174272,0.782005316302709,0.428698499552187
"TCGA-A7-A26I",1.71849896885348,0.468485519452403,0.0476492168713763,0.237757435615277,-0.824415771337276,0.563429121814609,0.929996515527712,-0.969247320624704,-1.44188419407479,-1.56739572410893,-0.246216980836086,0.491272004159014,-2.1384854283489,-1.89999719782147,-1.13640560630312,-1.17085008464222,5.08833636386845,5.46007464449662,-0.894805967352376,"C1",0,0.47936287563155,1.38558303429347,1.87783900411903
"TCGA-A7-A0DA",0.793508485076568,0.0803496767745959,-0.755207923337286,-0.879094342807501,-0.732154851671981,0.593114460203977,0.809451906955557,-0.886471257325882,-1.4277109892838,-1.51610209631542,-0.438592575239638,-1.20365185628569,-1.43805256055087,-2.0685004009776,-1.8763935455294,-1.0176515110708,5.16278498868288,5.41557777197802,-0.0792904991447461,"C1",0.00681986866613966,0.527063766330861,0.492285768210966,0.872421253063247
"TCGA-AN-A0G0",0.372946131431344,-0.630445195135945,-1.88465351692921,-0.616667487481241,-0.988312962364807,0.85497326889941,0.451051926163972,-0.654277766326759,-0.558810605883243,0.206898905595669,-0.765507412218118,0.238328584144811,-0.16221258009218,-0.763651434750831,-0.476013297671902,-0.10012667210196,5.80433716806178,5.09047759566659,0.266057322511134,"C2",0.0477901832799384,0.496341586650302,0.262120204244451,0.503658790789731
"TCGA-E2-A1LG",1.37418082884919,1.91611255215866,0.574000559941851,2.65727391145926,-1.15673310302906,-0.101467830698928,-2.68565714647151,1.64435155726671,-0.287354597396656,-0.281015882149674,-0.81435783830989,-1.88375491259392,-0.237995564355577,-0.600112000777437,-0.538986428959521,0.704754279496154,6.42742774973443,4.48585692947161,0.251770431167643,"C1",0.0477583609036332,0.5382683276017,1.26320701706962,1.43420186901148
"TCGA-A1-A0SP",-0.139814669168046,-0.140792058546935,-1.24138144493225,0.923197095297009,0.346401918540849,0.0634132010390605,0.442442963719506,1.70679548384522,-0.0443553257573342,0.0625136331717742,0.401254014357133,0.850109606404674,-0.371791908576276,-0.128416982597546,-0.0491131133674632,-0.305056922273456,5.72032681545342,5.41750817363963,1.12457538998111,"C2",0.049936730805581,0.533498892626389,-0.240665184605539,-0.0717520051302902
"TCGA-A1-A0SK",1.24383214418079,-0.383517506350764,-1.11180870437296,1.89138160317112,-1.23114963610132,0.451723429943725,-1.32092606609433,0.481191541604506,-1.84555728686952,-2.77473576838262,-2.41300988763035,-3.00250973670069,-3.1572570298188,-1.04842467046352,-2.81038677568623,-2.31018513789236,4.54997169333405,4.8585592716787,-1.25471866656583,"C1",0.0427309489624637,0.574930135387041,1.10949499963177,1.24203863600968
"TCGA-D8-A147",0.168029199723321,1.14951164609294,-0.0655488107517426,0.242853740630075,-0.39610143247258,-0.550504057194558,-0.524345325764251,-1.093841999594,0.307152232047512,0.148982983770556,0.455506222391134,0.392386852672994,-0.015388057766259,0.62673207583928,0.427941374057937,-0.00314270681126145,5.96596474812662,5.63625549772823,-0.600450076866281,"C2",0.0351887222873691,0.55694571427503,-0.00135809661250706,0.19655876985173
"TCGA-E2-A150",0.7765293122626,-0.544290440838235,0.587253551685532,-0.485194746780626,-0.353934965767447,0.858479599080667,0.208986753500791,0.694124703674149,0.227154759792427,-0.162249326118041,0.611203539348292,0.0805408485128811,-0.138219490680528,0.185962298639006,0.39984666707445,0.628362955575043,6.11993822103027,5.77691527376034,-1.0103883999105,"C2",0,0.520463109198514,0.443613377702592,0.866571281562226
"TCGA-A8-A09X",-1.81915617476942,-0.0766025125220262,0.259091794936524,-0.174291798660105,1.59390812958505,-1.13547554684087,0.14992087123384,-0.960246809163676,0.922296186283365,0.646380147639766,0.431593473258787,1.05772069111546,0.635063414295325,0.701176859573395,0.740933575179999,0.401834620902561,6.03575693083719,5.66779238188038,2.1159171294888,"C3",0.0967873440991105,0.492454814585392,-1.70228304200817,-1.68189012718004
"TCGA-B6-A0IK",1.19876064881905,-0.912201809819585,0.380730759842166,0.334117705469944,0.585534423048347,0.711272070228525,-0.125575718956208,-0.687914448602584,0.047434192237549,-1.0297438046386,-0.256180331874324,-0.745173578112862,-0.25380045977268,-0.475597349299366,-0.604394638172107,-0.54723715214465,5.65802514401391,5.81246747333912,-0.603206693337756,"C2",0.0507845939484228,0.571609985970312,1.10185031353408,1.20256516074004
"TCGA-AR-A0TU",-1.21831072803493,-0.798441080359875,-2.26092892952016,1.05149902185069,1.15729439031618,-0.00384271492520952,-0.464765303795189,0.0817692414077857,0.493210473764305,0.780934980079162,0.649746930274314,0.995441411177437,0.938771870487226,0.54704478630546,0.561828192876021,1.33032744977562,6.70127471444763,5.42430234953663,0.63163234212169,"C3",0.0920884623156459,0.486122199187969,-1.12327418635394,-1.07036741753335
"TCGA-AR-A1AR",-0.164740555447228,0.0733541023576794,0.842270753773227,1.13058782102704,1.06090801712173,0.0522805157342543,1.16607429661554,0.226554313452176,0.671558325781603,0.636620939755869,0.526151082042527,1.3677260369112,0.542650924140789,0.289126625110822,0.443315793009586,0.367172162740079,6.03729467287863,5.99655583537948,1.94955718670904,"C3",0.0627341588493896,0.497949265629509,-0.206119005838269,-0.0367385630190332
"TCGA-E2-A1B6",-0.415425073361469,0.497532993854645,-0.669983266319839,0.875714379743253,1.00080098517568,-0.627964479920391,-0.948418700261064,-0.035198680955262,1.59822104781394,1.2080312939022,1.46104368924822,-0.0309629651763303,1.19328761680875,1.3577077869102,1.05035905393898,0.657801156864223,6.23636758772372,5.27493752282054,0.459026040897574,"C3",0.131823356527079,0.688687520178078,-0.135732973933509,-0.609022035459828
"TCGA-AN-A0AL",-1.00820150991277,-0.459463483250763,0.429361859565214,-0.569572450262169,-0.664002251531153,0.507444950884092,1.12844981042131,1.46159859907718,0.447422281777781,0.108086156541438,0.594882318241322,0.136717140072711,0.0313947901180096,0.592610750265439,0.145589081046776,0.249434472557128,6.43622857456194,5.94487499770054,0.589499391823664,"C2",0.0213605792364216,0.628663503604103,-1.24185079859443,-1.10059349337503
"TCGA-E2-A158",0.452797752923644,1.10732605833446,-1.34730148175641,3.13276005018499,-0.409161019096484,0.138073880353423,-3.05294171060399,0.602847779176455,-0.690747305612837,-1.04972877734152,-1.20236343702119,-1.92102994216903,-1.31088583273878,-0.990430645989203,-0.737204065731772,-0.207740705607175,5.81607636873562,5.14705961467711,-0.666874893765741,"C1",0.0869600215713952,0.609472155723864,0.52400146190693,0.392763816507833
"TCGA-BH-A0RX",-1.09541868316865,-0.495934848700943,-0.267808370417412,-2.27498695494166,0.506764111559313,-0.756713405227777,0.664240326928508,0.00854863724750647,0.97594983474644,1.25014344413999,1.09163978109111,0.748663962687463,1.30882972619754,1.22715227915117,1.01177596381909,0.91344169668438,6.4633716376485,6.02630737222228,0.538512033706787,"C3",0.111966760625978,0.579207408539619,-0.908003935016969,-1.10442399359384
"TCGA-A8-A07R",0.666965155473547,-0.600627564937034,-1.75382977466895,-0.728452823039809,-1.33443191846168,0.967728472254447,-0.997189360640498,-1.0770474839902,-2.5223067090141,-1.71596942236125,-1.27393296108132,-0.729467098883097,-1.43624240184796,-1.15118685843757,-0.645344780136055,-0.55303936400108,5.57528010008735,4.27977296032849,0.935823608744688,"C1",0.0235531221992819,0.595467698090892,0.443505028024751,0.630543781436137
"TCGA-D8-A1JF",-2.32101117216501,0.209143958898362,-0.96511716194999,0.470088940331041,1.86652516696962,-1.6565813025201,0.290321570885334,0.594588697432186,-0.0281292302239852,-1.11396550341997,-0.791691024460347,-0.00108129381073713,-0.430949080147502,-0.801338517801313,-0.711739448965031,-0.615196814168941,5.68781093435936,5.42543415073239,2.03834172415425,"C2",0.00567245208482658,0.563479414840298,-2.62756615058549,-2.30349790957257
"TCGA-AO-A0JL",0.529653433390916,0.930341760541333,1.26736092136499,0.122059208146235,0.00853736293150394,-0.344723062913572,0.525656767785235,-0.59419786165604,-1.25675955222395,-0.900846268466379,-0.72775851331487,-1.31506881389391,-0.37106260808899,-0.473284179994876,-1.05818250891554,-1.45717953229881,5.34624337610419,5.84504527671797,-0.747602841183706,"C1",0.0677544430251631,0.637099178244479,0.511605191697374,0.42303827193276
"TCGA-BH-A0AV",1.19144259486515,-0.576343564988621,0.808484862169239,-0.904110450022801,-1.81690323587572,0.810148489102367,2.07467623723611,-1.46984379823638,-1.16120212733425,-1.06705166695692,-1.40053187797992,-0.041856087466155,-0.772787823309897,-0.86264659647184,-1.02238622216122,-1.37161947521789,5.05237428418783,5.89663398150752,-0.827977479904164,"C1",0,0.544953554194128,0.85852666030514,1.24019184328337
"TCGA-EW-A1PB",-2.03356044611678,-0.533013283449786,0.263673188730242,-0.904728844355783,1.85099464947723,0.54256605029342,-1.63906975393836,-0.85251640010488,1.13376111504513,1.14089154197027,0.799292378264269,2.23226086670314,1.44089876834863,1.18204647646068,1.63262479082093,1.90874823828185,6.83811217362045,6.39158708250087,0.841645958320089,"C3",0.132500886519929,0.485929135888659,-1.75071973685349,-1.88529161646141
"TCGA-AN-A04D",0.405827159882841,3.37728429750696,0.00415747300528374,-0.0793606657437618,-1.65270828649206,-1.01932422312717,-2.68085160630058,-0.387364843482999,-1.86866068437213,-1.19119430045958,-2.14541046296236,-2.07246437857049,-1.76632826700969,-1.19640853175669,-1.75157554121901,-2.36270279716423,4.36080056392283,5.23186267033443,-1.28261797315973,"C1",0.0672068853515429,0.574668261627231,0.385234314268046,0.404475190445396
"TCGA-BH-A0B3",-0.683698966945219,-1.24629382466339,-0.378394717281297,0.362313800400274,0.431729555658644,1.10272315335178,0.744467666226368,1.38551377202551,0.279927569949166,0.278626475644634,0.705361458182048,0.651188039067733,0.354579887918721,0.680357647812947,0.768028361306619,0.928183936129352,6.26727693771291,5.49158572727466,0.0625267094226143,"C3",0.0187842093222288,0.616633430489951,-0.929321133192286,-0.755807347909669
"TCGA-AQ-A04J",0.186828619560832,0.310200658016504,0.160490866608708,-1.17484795712291,0.673144681557324,0.414356158016503,0.202521654265727,0.740072300128683,0.882889638432904,0.513435454967726,0.479264785525061,0.0942409283152996,-0.329558529927995,0.646717477744887,0.308408157716977,-0.260367719462147,5.94826967748813,5.64550018216021,-0.564165748696982,"C2",0.0984448176341243,0.637531480366597,0.311404344870344,0.0794845644109416
"TCGA-EW-A1P1",0.0940366930570231,-0.551106836705985,1.29981554409315,-0.278689506176762,0.606364312834577,-1.70237831071822,1.48097661263121,1.81859795714682,0.392995698109235,0.303751769644507,-0.250477518010907,0.603501150339662,0.225272664855199,0.53696067835932,0.18924248620894,-0.125876219040442,5.9706463949683,5.58381983025118,0.752695631504686,"C2",0.0701378148508241,0.537197228960252,0.0870644303617896,0.155863685591584
"TCGA-A2-A0YM",-0.800434622453796,-1.01898772593374,-0.521479078204063,0.180469856826072,0.733107064655489,0.616142366185427,0.303833807351992,0.33143141200855,-0.10444943755002,-0.23988734453502,0.429228338269236,1.02144981192473,-0.0385851456955823,0.0413221496525496,0.222027522134179,0.34002708760389,6.34302522602899,5.55406735326914,0.814870970002078,"C2",0.0330764177430329,0.518241407736949,-0.979638196937752,-0.706646698421594
"TCGA-D8-A27F",0.571311190060313,-0.14952406430781,-0.952316617584216,-0.791669432543515,-0.347030548383811,0.841622414941908,0.925385930762838,-0.858362164569105,-1.61575819361306,-0.659617013297581,-2.00198839788203,-0.181458231094636,-1.10456092609888,-1.18336547307408,-1.72725602976691,-1.3260538516412,5.60152852405382,5.84689247724918,-0.212671438472825,"C1",0,0.507962884835968,0.238395255500305,0.682429472005541
"TCGA-AN-A0FL",-0.0732499991922192,-0.385632726655384,-1.05390237401685,0.947613664958194,-1.8673334478448,1.21003423181102,-1.8528306831191,-0.844818420219251,-2.42266131927417,-1.43068334854257,-2.8230988111675,-1.43114516818059,-1.98145981683358,-3.17165482775304,-2.3998396097419,-0.958233675292642,5.89378533765929,5.68226512970209,-0.929044510656012,"C1",0.0620873614783355,0.530095428172432,-0.117634239120933,0.000551160318044766
"TCGA-BH-A18Q",0.387422782885628,1.66183005919301,0.0985276447837863,-0.302987930017317,-0.0321362248141179,-2.46061824590621,-1.45740516237904,0.587765070668497,0.161098825517894,0.356654301658562,-0.0480006356582723,-0.338363992751567,0.398166885046046,0.251348699155104,0.204547846548196,0.488562992172931,6.23138720285059,5.10710070151936,-0.713937099958944,"C2",0.144636482965363,0.623566993661216,0.72665990076397,0.30362389614246
"TCGA-EW-A1P8",-0.351276490265031,-0.674409763199764,0.898851606797127,0.672752920442979,0.437963763613176,0.324018583162985,-0.403978399458673,-0.862781333193583,0.119917294623574,-0.812035866427166,0.195001794523191,1.08415131431413,-0.680035012308061,-0.199704978371485,-0.0244223372782442,-0.582298160054709,5.45193299020346,5.38295451865557,0.757651462318597,"C2",0.101006834646653,0.518714887356969,-0.214794588034842,-0.258286888263973
"TCGA-B6-A0WX",0.823125386063157,2.01277250523677,1.11537400772299,0.611971376019725,-0.683407614676014,-2.1334634721255,0.531283717352535,0.108647922494625,0.417113310408606,-1.35792747707668,-0.32099924626746,-1.1173721224862,-0.507534211351325,0.28030171462875,-0.32671989485491,-0.443473562625597,5.73156109296359,4.62963485956936,-0.409874544083994,"C2",0.13116615763675,0.668001898694059,1.09976335812894,0.664405928001612
"TCGA-E2-A14N",-0.544574194426077,-0.509787596488845,-1.38579697292636,-0.253673779291813,0.742549650357075,0.849888247715654,-1.21241560098232,0.319913461112461,0.476980029929283,-0.721213815318935,0.299776831618503,-0.550583919632082,0.0750122067134701,0.318799431231814,0.442814670723418,0.649688285334494,6.07950219206066,5.40645139112175,0.776554637647022,"C2",0.0507927722005802,0.554545478995846,-0.641446523828722,-0.511997648203489
"TCGA-A2-A1G6",2.13861470663255,0.890173853153415,1.25816143891914,-0.366084088898457,-1.76793135569782,-4.56034304853978,-0.477452417968106,-1.15536531183274,-0.145159483108774,-0.906574164648255,-1.86661101351064,-0.0720207594648178,-0.761289278638039,-0.962016341633974,-1.10173523151007,-2.34428717663206,4.63361379357015,3.79102809484784,0.0133870491610872,"C1",0.00815652956933202,0.541630678483685,1.84360370542634,2.19296657187785
"TCGA-A2-A04T",0.286032819101394,-0.154305937888813,-0.0876013064600056,-0.696162403407754,0.225326890959303,0.0294486126573224,-0.146528782191125,0.388696900588685,0.674526194091452,0.757308696228455,0.843509206450413,0.742692308552698,0.785061421534582,0.935252659336136,0.886811174966934,0.115332848770881,6.10784879132145,5.55481474325939,-0.724168044549253,"C3",0.121199341360232,0.62226784643404,0.516353113593681,0.204424391692273
"TCGA-AR-A256",0.703993997963504,0.316973674061979,-1.2168707556823,0.699222041736118,0.236597048571027,0.123186432733461,0.0252926700981875,0.466658267923436,-0.769169179095841,-1.00166954542757,-0.461205471893431,-0.134074402215979,-1.53945293212296,-0.928239481723216,-0.412272604247546,0.113884235797107,6.20579432698809,5.39228374735298,0.349577988803925,"C2",0.0801293662055917,0.504718007729104,0.743454361421866,0.820583385259907
"TCGA-A8-A08R",0.00632326877416671,0.655561098371026,-0.765155193606642,-1.40950802681389,-0.625831435875539,-0.166580398636725,0.63893335223468,-0.626231413547097,0.48456065511504,0.844512610773157,1.13538411411388,0.988558150558224,0.708411936718457,0.747062849559133,0.809235890646649,0.737402143066936,6.23150763337324,5.70842594569658,-0.65782549230486,"C3",0.032240567155457,0.570228907360605,-0.176764661249298,0.0124563824643766
"TCGA-AO-A03U",1.08132544750073,-0.137500038742753,2.56685712872232,-1.97806627412046,-1.21092119592085,0.265452311128338,0.295792799967587,-1.02233599569699,0.074264677375865,1.7373793852019,-0.50204386638546,1.35819267402903,0.718543299447769,-0.250062099627953,-0.33738097719595,-0.711055309898223,6.08810021334632,5.02147087959448,0.945246204291286,"C2",0.105770425496676,0.531885936421281,1.23994465606446,1.15210767626601
"TCGA-A2-A0T0",-0.244388194851683,-1.13218799268816,-0.219740962087372,0.521889926704549,-0.233236121437257,1.42855512028727,0.99231212608276,-1.60166736049298,-0.11722124661562,-0.625401215915515,0.0951167073514501,0.482169315369736,0.185505408644688,-0.136680804866354,-0.229384487901583,-0.0470431042165555,6.05021656441152,5.94322069318836,0.988088039020375,"C2",0.0578929118975675,0.558358335708705,-0.308264834147486,-0.21824041005148
"TCGA-C8-A26X",-2.74066462016953,-1.8912656910882,0.751716881203724,-1.66813215671951,1.46432302449911,1.24950351752989,1.20231364751077,0.750005726263849,0.783695342247274,0.66373071159959,0.803882072649144,1.0673004286791,1.04430207897817,1.07234829426662,0.891994306990183,0.910845780566759,6.35278612518939,6.22487021602829,2.03513838352196,"C3",0.0683264246417331,0.586581133455993,-2.75605475526622,-2.76210258197702
"TCGA-AR-A1AI",-1.02394486964753,-1.6791486780022,-0.0947988264751517,0.26983359994668,0.451094671413207,1.15863142483672,-1.25183191420611,0.22783581543456,0.987730368422638,1.0626229157583,0.693589297199738,1.38963372663227,1.03740209632771,0.98473879893197,1.18305715105004,1.00670129870152,6.25945622170537,5.81729502323283,-0.11292107596375,"C3",0.127827400405381,0.622465785656095,-0.762822732994811,-1.10588703738065
"TCGA-BH-A0BL",-0.308396160359039,-0.612458297768744,0.0990580857032179,0.667129021163502,0.81423954660355,0.240093325473363,0.906100773378159,0.276099273927329,0.531039426918224,0.783925369001042,0.731954913736644,0.55833173067744,0.653447706097343,0.650844606495554,0.621952078242751,0.716427925300597,6.24978172789814,5.89824706582612,-0.768250186871566,"C3",0.0388899770824889,0.534818456813328,-0.460583026641631,-0.242558380175624
"TCGA-A2-A04Q",-0.961728185445726,1.01028583485503,1.38563387957809,-1.633155760467,1.68396889132517,-1.52012095700956,0.982547069563693,-0.852960344262075,1.36220148334587,1.57925061058854,1.34100488068256,0.912672016539189,1.39749577354301,1.49172268822256,1.50891399561025,1.28315992000478,6.4645537115849,5.78377439062953,0.982679341621956,"C3",0.0729299866404183,0.559288774724813,-0.955724698504145,-0.937149190375404
